start_lat,start_long,end_lat,end_long
26.7606,80.8893,28.55563,77.09519
26.7606,80.8893,19.0887,72.8679
26.7606,80.8893,12.99001,80.1693
26.7606,80.8893,13.1979,77.7063
26.7606,80.8893,15.3808,73.8314
26.7606,80.8893,22.6547,88.4467
26.7606,80.8893,17.23132,78.42986
26.7606,80.8893,10.152,76.4019
26.7606,80.8893,23.0772,72.6347
26.7606,80.8893,8.48212,76.9201
26.7606,80.8893,26.8242,75.8122
26.7606,80.8893,18.5821,73.9197
26.7606,80.8893,25.45213,82.86181
26.7606,80.8893,20.2444,85.8178
26.7606,80.8893,26.1061,91.5859
26.7606,80.8893,17.72351,83.22773
26.7606,80.8893,11.1368,75.9553
26.7606,80.8893,22.7218,75.8011
26.7606,80.8893,26.7606,80.8893
26.7606,80.8893,25.5913,85.088
26.7606,80.8893,30.6735,76.7885
26.7606,80.8893,26.6812,88.3286
26.7606,80.8893,21.0922,79.0472
26.7606,80.8893,33.9871,74.7742
26.7606,80.8893,23.3143,85.3217